title,company,location,link
Python Developer,Epsilon,"San Diego, CA",https://www.indeed.com/viewjob?jk=0e9e9ad66a6e2c77
Senior Python Developer,eMoney Advisor,Remote,https://www.indeed.com/viewjob?jk=b59a2281d58eefdf
SOAR Engineer - Splunk Phantom,Stage 2 Security,"McLean, VA",https://www.indeed.com/viewjob?jk=86c6e2247b08c3c8
Software Applications Developer,Woodland Scenics,"Linn Creek, MO",https://www.indeed.com/viewjob?jk=5d920c797133200a
Python Developer,Systech Corp,Remote,https://www.indeed.com/viewjob?jk=4d6e2b42ed19c1ec
Python Coach for Multinational Company-Multiple Locations,Mercury Systems Inc,"Bedminster, NJ",https://www.indeed.com/viewjob?jk=ac1a454676d6f381
MMS Data Manager (MACSS-G013),AEVEX AEROSPACE,"Springfield, VA",https://www.indeed.com/viewjob?jk=fe2d843395de4320
Jr.Python developer on W2,Kree,Remote,https://www.indeed.com/viewjob?jk=de9460ab704023da
Entry Level Python Developer / Jr. Python Developer,Dash Technologies Inc,"Texas City, TX",https://www.indeed.com/viewjob?jk=29fdc2006cf2ac81
Sr. Python Developer,PROLIM Corporation,United States,https://www.indeed.com/viewjob?jk=01e816c71aa1b7d8
Python developer,Ace-stack LLC,Virginia,https://www.indeed.com/viewjob?jk=e7ff3008632225d7
Python Developer Intern,OXO Solutions,"Ruby, SC",https://www.indeed.com/viewjob?jk=84a541c104b5b24c
Data Scientist Entry Level - Pathrise Recruiting Partners,Pathrise,Remote,https://www.indeed.com/viewjob?jk=57125117d2b4b0f6
Senior Python Developer,Frontierpay,Remote,https://www.indeed.com/viewjob?jk=249fd45368894066
Software Engineer - Junior (C++/Python),Boston Dynamics,"Waltham, MA",https://www.indeed.com/viewjob?jk=0fb17bc73ff9274f
"Junior Software Engineer (Remote, USA, Full-Time)",4 Mile Analytics,Remote,https://www.indeed.com/viewjob?jk=d9fd8018aa106b06
Python Developer,diamond,California,https://www.indeed.com/viewjob?jk=6283c79ff09d40c5
Python Developer,Coveted Solutions,"Charlotte, NC",https://www.indeed.com/viewjob?jk=6f7e1c32ab8770c0
Fall 2020 DNC Technology Internship,Democratic National Committee,Remote,https://www.indeed.com/viewjob?jk=e1f8327cbf26e39c
Python Developer,"Artemis Consulting, Inc.","Washington, DC",https://www.indeed.com/viewjob?jk=ae5ea0e21efafcdd
Junior Data Scientist - Pathrise Recruiting Partners,Pathrise,Remote,https://www.indeed.com/viewjob?jk=4fbc59d736aac3c6
Python Developer,"Shinetech Software, Inc.","Los Angeles, CA",https://www.indeed.com/viewjob?jk=3462573424d3f7da
GIS Technician (Contract),Orbital Insight,United States,https://www.indeed.com/viewjob?jk=3e307741d1c78aec
"Junior Developer - Python, 2021 Start",Akuna Capital,"Chicago, IL",https://www.indeed.com/viewjob?jk=0b2c553a665c7d64
Data Analyst,Gravy Analytics,"Sterling, VA",https://www.indeed.com/viewjob?jk=bf4ab1943b6400aa
Senior Python Developer-W2,Zigna soft,"McLean, VA",https://www.indeed.com/viewjob?jk=2520529e9baf6bdb
Web Developer- Must Know Python Django Code,RSN,"Irvine, CA",https://www.indeed.com/viewjob?jk=49bea70bed1cc8da
Sr. Python Developer,Gathi Analytics,"San Antonio, TX",https://www.indeed.com/viewjob?jk=dfaa2ae3feddca9e
Software Engineer (Python),StratoDem Analytics LLC,"Chapel Hill, NC",https://www.indeed.com/viewjob?jk=8161857206375e3a
Data Associate (State Coordinated Campaign),Democratic National Committee,Remote,https://www.indeed.com/viewjob?jk=ec602799572510d6
"Full Stack Developer (Python/Django, MySQL or Javascript stack)",arc.dev,"United, PA",https://www.indeed.com/viewjob?jk=fa9f77de38a434a4
Python Developer,Sara Technologies,United States,https://www.indeed.com/viewjob?jk=07cc59a85ae4d228
"Python Developer, Junior",Trillion Technology Solutions,"Reston, VA",https://www.indeed.com/viewjob?jk=540f1f2bf5496d87
Junior Quantitative Developer,Akuna Capital,"Boston, MA",https://www.indeed.com/viewjob?jk=5c4fe5f697d2a256
Software Engineer,Dimagi,Massachusetts,https://www.indeed.com/viewjob?jk=4bcd3607dbb8b8f0
"Financial Analyst, Americas Customer Service",Amazon.com Services LLC,Remote,https://www.indeed.com/viewjob?jk=adc8162797f38f34
Python Developer,Indus Group,United States,https://www.indeed.com/viewjob?jk=67008ecde32d356f
"SAS to Python Developer (3-month corp-to-corp contract, $40/hr, remote)",BNL Consulting,"Atlanta, GA",https://www.indeed.com/viewjob?jk=188fcd1b068f7719
Python Developer,Epsilon,"San Diego, CA",https://www.indeed.com/viewjob?jk=cac923b5adcd1891
Specialist Scheduling & ISOP,Rio Tinto,United States,https://www.indeed.com/viewjob?jk=b400067de7727196
Business Development Associate - Strategy Analytics,"Bainbridge, Inc.",Remote,https://www.indeed.com/viewjob?jk=b1c20a2433fe2e49
Business Analyst,Dolphin,"Seattle, WA",https://www.indeed.com/viewjob?jk=3d59126d8d217ac4
Entry Level Data Analyst,Hopjump,"Boston, MA",https://www.indeed.com/viewjob?jk=2532431132ffbda1
Python Developer,RiVi Consulting Group,"Alpharetta, GA",https://www.indeed.com/viewjob?jk=5cc38bdc9a289851
"Software Engineer, Django/Python","Adfone, Inc","Fort Lauderdale, FL",https://www.indeed.com/viewjob?jk=96452a25a382a866
Python Application Programming-Lead,Wipro Limited,"Bothell, WA",https://www.indeed.com/viewjob?jk=eba33b5d09e9ac89
Python Developer,Stier Solutions,"Menlo Park, CA",https://www.indeed.com/viewjob?jk=1af40020baa8becf
"Sr. Python, Java or Clojure Developer (Polyglot)","BigBear, Inc.","San Diego, CA",https://www.indeed.com/viewjob?jk=b7eb04cb58eb6786
Director of Technical Instruction,"Techtonic Group, Inc.","Boulder, CO",https://www.indeed.com/viewjob?jk=f8546bba960cca19
Senior Python Developer,eMoney Advisor,Remote,https://www.indeed.com/viewjob?jk=b59a2281d58eefdf
Infrared Detector Scientist,Attollo Engineering,"Camarillo, CA",https://www.indeed.com/viewjob?jk=336952ca51dd00fb
Python Developer,Epsilon,"San Diego, CA",https://www.indeed.com/viewjob?jk=0e9e9ad66a6e2c77
Quality Assurance,Canvas People,"Yorba Linda, CA",https://www.indeed.com/viewjob?jk=e41b5bc4b5f43977
Python Web Developer,Broadmoor Solutions Inc.,"Allentown, PA",https://www.indeed.com/viewjob?jk=d0b2b4bd3891e68d
Software Engineer - Python/Django (Remote),drchrono,Remote,https://www.indeed.com/viewjob?jk=c1ec2e8c70f040ba
Entry Level - Software Developer,Smoothstack Inc,"Fairfax, VA",https://www.indeed.com/viewjob?jk=e49f6527e777a4a3
Python Application Programming-Lead,Wipro Limited,"Bothell, WA",https://www.indeed.com/viewjob?jk=eba33b5d09e9ac89
Data Collection Analyst,Alphamatician,"Boston, MA",https://www.indeed.com/viewjob?jk=1cda22f36556b688
Python Developer,Stier Solutions,"Menlo Park, CA",https://www.indeed.com/viewjob?jk=1af40020baa8becf
Data Analyst (Coordinated Campaign),Democratic National Committee,Remote,https://www.indeed.com/viewjob?jk=a950b3f51924cd74
Programmer,OpenMind,Remote,https://www.indeed.com/viewjob?jk=5eb50b2116cbe09b
Python Developer,enexusglobal,"Ashburn, VA",https://www.indeed.com/viewjob?jk=67f8538c5f2afe6e
Data Integration Developer (Python),Blast Analytics & Marketing,Remote,https://www.indeed.com/viewjob?jk=8b956641e11b77df
Jr. Python Developer,Q2ebanking,"Austin, TX",https://www.indeed.com/viewjob?jk=8446e0c1cb5c66cb
Machine Learning Engineer Entry Level - Pathrise Recruiting Partners,Pathrise,Remote,https://www.indeed.com/viewjob?jk=dbd5f44b23485050
Data Analyst-Full-time Urbanna,Bay Aging,"Urbanna, VA",https://www.indeed.com/viewjob?jk=efb0dc6dbb86f41e
Junior Trader,Dexterity Capital,Remote,https://www.indeed.com/viewjob?jk=e1a750ccc83bd177
Data Associate (Coordinated Campaign),Democratic National Committee,Remote,https://www.indeed.com/viewjob?jk=88d65d8102b17105
"Data Science Internships â€“ Fall 2020, Remote",NBCUniversal,"List, CA",https://www.indeed.com/viewjob?jk=394a46bb3743f162
NASA Software Systems Developer (Python)- Junior,ASRC Federal Holding Company,"Seabrook, MD",https://www.indeed.com/viewjob?jk=f651b84aa82ae100
Junior Quantitative Researcher - Machine Learning,Akuna Capital,"Boston, MA",https://www.indeed.com/viewjob?jk=9d134f19e2330c91
Data Analyst,Democratic National Committee,Remote,https://www.indeed.com/viewjob?jk=d99449e57b14d0a8
Assistant Instructor,TechSmart Academy,California,https://www.indeed.com/viewjob?jk=9d378c04717688a9
Data Center Technician,"Amazon Data Services, Inc.","Chantilly, VA",https://www.indeed.com/viewjob?jk=318e173265aa3106
Linux and Windows Administrator,Teramind,Remote,https://www.indeed.com/viewjob?jk=f6b67373b2a38da2
Python Developer,Callsign Media,"Las Vegas, NV",https://www.indeed.com/viewjob?jk=345e22ca6e583be5
Python and Java Developer,Vegazva engineering,"Austin, TX",https://www.indeed.com/viewjob?jk=2dd46d4fdd64dabd
Data Developer - SQL/Python,Neo Link Services,"Milwaukee, WI",https://www.indeed.com/viewjob?jk=7d87209309fa56dc
Contract Python Developer,"BioTelemetry, Inc.","Rochester, NY",https://www.indeed.com/viewjob?jk=3958cfaf6bc53348
Data 2 the People 2020 Election Fellow,Data 2 the People,Remote,https://www.indeed.com/viewjob?jk=96f1bfae409289b1
Computational Biology Intern: Bioinformatics - Knowledge Curation and Modeling,LanzaTech,Remote,https://www.indeed.com/viewjob?jk=69435cc5901d4695
Front end UI Developer with Python,Ace-stack LLC,Virginia,https://www.indeed.com/viewjob?jk=43ccc8ec3d7cd94d
Junior Software Engineer,Two Barrels,"Spokane, WA",https://www.indeed.com/viewjob?jk=6b1b0b98058ae388
Breeder - Melon,Bayer,California,https://www.indeed.com/viewjob?jk=20d28db9e0fb2722
Python Developer,rpo international Inc.,"New York, NY",https://www.indeed.com/viewjob?jk=26728c8284bc1269
Consulting Professors,Saylor Academy,Remote,https://www.indeed.com/viewjob?jk=edb0eb6a7ba31772
Python Developer,Cyber Chasse,United States,https://www.indeed.com/viewjob?jk=c8aaa182fdba1cdb
Support,RStudio,United States,https://www.indeed.com/viewjob?jk=2c26339484d5141f
Python Web Developer,Broadmoor Solutions Inc.,"Allentown, PA",https://www.indeed.com/viewjob?jk=d0b2b4bd3891e68d
Python Developer,Sqait Inc,"Great Falls, VA",https://www.indeed.com/viewjob?jk=7fc4d4179e6f45b7
Python Developer,Saibber LLC,"San Jose, CA",https://www.indeed.com/viewjob?jk=64cae664fd47155a
Entry level Data Scientist,Cloudbigdata Technologies,"Chicago, IL",https://www.indeed.com/viewjob?jk=ed549e23e6309829
Senior Python Developer,"SavantX, Inc","Santa Fe, NM",https://www.indeed.com/viewjob?jk=04ec6f9969462a0b
Flex Programming Foundations and Procedural Instructor (Python Experience Required) Florida Certified,Florida Virtual School,Florida,https://www.indeed.com/viewjob?jk=9e8efd6671c93197
Python Developer,Systech Corp,Remote,https://www.indeed.com/viewjob?jk=4d6e2b42ed19c1ec
Software Test Analyst,"Innovative Wireless Technologies, Inc.","Lynchburg, VA",https://www.indeed.com/viewjob?jk=248048b1b807a6d0
Python Coach for Multinational Company-Multiple Locations,Mercury Systems Inc,"Bedminster, NJ",https://www.indeed.com/viewjob?jk=ac1a454676d6f381
Software Applications Developer,Woodland Scenics,"Linn Creek, MO",https://www.indeed.com/viewjob?jk=5d920c797133200a
